--,	py=0,	py=1,	py=2,	py=3,	py=4,	py=5,	py=6,	py=7,	py=8,	py=9,	py=10,	py=11,	py=12,	py=13,	py=14,	py=15,	py=16,	py=17,	py=18,	py=19,	py=20,	py=21,	py=22,	py=23,	py=24,	py=25,	py=26,	py=27,	py=28,	py=29,	py=30,	py=31,	py=32,	py=33,	py=34,	py=35,	py=36,	py=37,	py=38,	py=39,	py=40,	py=41,	py=42,	py=43,	py=44,	py=45,	py=46,	py=47,	py=48,	py=49,	py=50,	py=51,	py=52,	py=53,	py=54,	py=55,	py=56,	py=57,	py=58,	py=59,	py=60,	py=61,	py=62,	py=63,	py=64,	py=65,	py=66,	py=67,	py=68,	py=69,	py=70,	py=71,	py=72,	py=73,	py=74,	py=75,	py=76,	py=77,	py=78,	py=79,	py=80,	py=81,	py=82,	py=83,	py=84,	py=85,	py=86,	py=87,	py=88,	py=89,	py=90,	py=91,	py=92,	py=93,	py=94,	py=95,	py=96,	py=97,	py=98,	py=99,	
y=0,	255,	254,	253,	252,	251,	250,	249,	248,	247,	246,	245,	244,	243,	242,	241,	240,	239,	238,	237,	236,	235,	234,	233,	232,	231,	230,	229,	228,	227,	226,	225,	224,	223,	222,	221,	220,	219,	218,	217,	216,	215,	214,	213,	212,	211,	210,	209,	208,	207,	206,	205,	204,	203,	202,	201,	200,	199,	198,	197,	196,	195,	194,	193,	192,	191,	190,	189,	188,	187,	186,	185,	184,	183,	182,	181,	180,	179,	178,	177,	176,	175,	174,	173,	172,	171,	170,	169,	168,	167,	166,	165,	164,	163,	162,	161,	160,	159,	158,	157,	156,	
y=1,	0,	255,	254,	253,	252,	251,	250,	249,	248,	247,	246,	245,	244,	243,	242,	241,	240,	239,	238,	237,	236,	235,	234,	233,	232,	231,	230,	229,	228,	227,	226,	225,	224,	223,	222,	221,	220,	219,	218,	217,	216,	215,	214,	213,	212,	211,	210,	209,	208,	207,	206,	205,	204,	203,	202,	201,	200,	199,	198,	197,	196,	195,	194,	193,	192,	191,	190,	189,	188,	187,	186,	185,	184,	183,	182,	181,	180,	179,	178,	177,	176,	175,	174,	173,	172,	171,	170,	169,	168,	167,	166,	165,	164,	163,	162,	161,	160,	159,	158,	157,	
y=2,	1,	0,	255,	254,	253,	252,	251,	250,	249,	248,	247,	246,	245,	244,	243,	242,	241,	240,	239,	238,	237,	236,	235,	234,	233,	232,	231,	230,	229,	228,	227,	226,	225,	224,	223,	222,	221,	220,	219,	218,	217,	216,	215,	214,	213,	212,	211,	210,	209,	208,	207,	206,	205,	204,	203,	202,	201,	200,	199,	198,	197,	196,	195,	194,	193,	192,	191,	190,	189,	188,	187,	186,	185,	184,	183,	182,	181,	180,	179,	178,	177,	176,	175,	174,	173,	172,	171,	170,	169,	168,	167,	166,	165,	164,	163,	162,	161,	160,	159,	158,	
y=3,	2,	1,	0,	255,	254,	253,	252,	251,	250,	249,	248,	247,	246,	245,	244,	243,	242,	241,	240,	239,	238,	237,	236,	235,	234,	233,	232,	231,	230,	229,	228,	227,	226,	225,	224,	223,	222,	221,	220,	219,	218,	217,	216,	215,	214,	213,	212,	211,	210,	209,	208,	207,	206,	205,	204,	203,	202,	201,	200,	199,	198,	197,	196,	195,	194,	193,	192,	191,	190,	189,	188,	187,	186,	185,	184,	183,	182,	181,	180,	179,	178,	177,	176,	175,	174,	173,	172,	171,	170,	169,	168,	167,	166,	165,	164,	163,	162,	161,	160,	159,	
y=4,	3,	2,	1,	0,	255,	254,	253,	252,	251,	250,	249,	248,	247,	246,	245,	244,	243,	242,	241,	240,	239,	238,	237,	236,	235,	234,	233,	232,	231,	230,	229,	228,	227,	226,	225,	224,	223,	222,	221,	220,	219,	218,	217,	216,	215,	214,	213,	212,	211,	210,	209,	208,	207,	206,	205,	204,	203,	202,	201,	200,	199,	198,	197,	196,	195,	194,	193,	192,	191,	190,	189,	188,	187,	186,	185,	184,	183,	182,	181,	180,	179,	178,	177,	176,	175,	174,	173,	172,	171,	170,	169,	168,	167,	166,	165,	164,	163,	162,	161,	160,	
y=5,	4,	3,	2,	1,	0,	255,	254,	253,	252,	251,	250,	249,	248,	247,	246,	245,	244,	243,	242,	241,	240,	239,	238,	237,	236,	235,	234,	233,	232,	231,	230,	229,	228,	227,	226,	225,	224,	223,	222,	221,	220,	219,	218,	217,	216,	215,	214,	213,	212,	211,	210,	209,	208,	207,	206,	205,	204,	203,	202,	201,	200,	199,	198,	197,	196,	195,	194,	193,	192,	191,	190,	189,	188,	187,	186,	185,	184,	183,	182,	181,	180,	179,	178,	177,	176,	175,	174,	173,	172,	171,	170,	169,	168,	167,	166,	165,	164,	163,	162,	161,	
y=6,	5,	4,	3,	2,	1,	0,	255,	254,	253,	252,	251,	250,	249,	248,	247,	246,	245,	244,	243,	242,	241,	240,	239,	238,	237,	236,	235,	234,	233,	232,	231,	230,	229,	228,	227,	226,	225,	224,	223,	222,	221,	220,	219,	218,	217,	216,	215,	214,	213,	212,	211,	210,	209,	208,	207,	206,	205,	204,	203,	202,	201,	200,	199,	198,	197,	196,	195,	194,	193,	192,	191,	190,	189,	188,	187,	186,	185,	184,	183,	182,	181,	180,	179,	178,	177,	176,	175,	174,	173,	172,	171,	170,	169,	168,	167,	166,	165,	164,	163,	162,	
y=7,	6,	5,	4,	3,	2,	1,	0,	255,	254,	253,	252,	251,	250,	249,	248,	247,	246,	245,	244,	243,	242,	241,	240,	239,	238,	237,	236,	235,	234,	233,	232,	231,	230,	229,	228,	227,	226,	225,	224,	223,	222,	221,	220,	219,	218,	217,	216,	215,	214,	213,	212,	211,	210,	209,	208,	207,	206,	205,	204,	203,	202,	201,	200,	199,	198,	197,	196,	195,	194,	193,	192,	191,	190,	189,	188,	187,	186,	185,	184,	183,	182,	181,	180,	179,	178,	177,	176,	175,	174,	173,	172,	171,	170,	169,	168,	167,	166,	165,	164,	163,	
y=8,	7,	6,	5,	4,	3,	2,	1,	0,	255,	254,	253,	252,	251,	250,	249,	248,	247,	246,	245,	244,	243,	242,	241,	240,	239,	238,	237,	236,	235,	234,	233,	232,	231,	230,	229,	228,	227,	226,	225,	224,	223,	222,	221,	220,	219,	218,	217,	216,	215,	214,	213,	212,	211,	210,	209,	208,	207,	206,	205,	204,	203,	202,	201,	200,	199,	198,	197,	196,	195,	194,	193,	192,	191,	190,	189,	188,	187,	186,	185,	184,	183,	182,	181,	180,	179,	178,	177,	176,	175,	174,	173,	172,	171,	170,	169,	168,	167,	166,	165,	164,	
y=9,	8,	7,	6,	5,	4,	3,	2,	1,	0,	255,	254,	253,	252,	251,	250,	249,	248,	247,	246,	245,	244,	243,	242,	241,	240,	239,	238,	237,	236,	235,	234,	233,	232,	231,	230,	229,	228,	227,	226,	225,	224,	223,	222,	221,	220,	219,	218,	217,	216,	215,	214,	213,	212,	211,	210,	209,	208,	207,	206,	205,	204,	203,	202,	201,	200,	199,	198,	197,	196,	195,	194,	193,	192,	191,	190,	189,	188,	187,	186,	185,	184,	183,	182,	181,	180,	179,	178,	177,	176,	175,	174,	173,	172,	171,	170,	169,	168,	167,	166,	165,	
y=10,	9,	8,	7,	6,	5,	4,	3,	2,	1,	0,	255,	254,	253,	252,	251,	250,	249,	248,	247,	246,	245,	244,	243,	242,	241,	240,	239,	238,	237,	236,	235,	234,	233,	232,	231,	230,	229,	228,	227,	226,	225,	224,	223,	222,	221,	220,	219,	218,	217,	216,	215,	214,	213,	212,	211,	210,	209,	208,	207,	206,	205,	204,	203,	202,	201,	200,	199,	198,	197,	196,	195,	194,	193,	192,	191,	190,	189,	188,	187,	186,	185,	184,	183,	182,	181,	180,	179,	178,	177,	176,	175,	174,	173,	172,	171,	170,	169,	168,	167,	166,	
y=11,	10,	9,	8,	7,	6,	5,	4,	3,	2,	1,	0,	255,	254,	253,	252,	251,	250,	249,	248,	247,	246,	245,	244,	243,	242,	241,	240,	239,	238,	237,	236,	235,	234,	233,	232,	231,	230,	229,	228,	227,	226,	225,	224,	223,	222,	221,	220,	219,	218,	217,	216,	215,	214,	213,	212,	211,	210,	209,	208,	207,	206,	205,	204,	203,	202,	201,	200,	199,	198,	197,	196,	195,	194,	193,	192,	191,	190,	189,	188,	187,	186,	185,	184,	183,	182,	181,	180,	179,	178,	177,	176,	175,	174,	173,	172,	171,	170,	169,	168,	167,	
y=12,	11,	10,	9,	8,	7,	6,	5,	4,	3,	2,	1,	0,	255,	254,	253,	252,	251,	250,	249,	248,	247,	246,	245,	244,	243,	242,	241,	240,	239,	238,	237,	236,	235,	234,	233,	232,	231,	230,	229,	228,	227,	226,	225,	224,	223,	222,	221,	220,	219,	218,	217,	216,	215,	214,	213,	212,	211,	210,	209,	208,	207,	206,	205,	204,	203,	202,	201,	200,	199,	198,	197,	196,	195,	194,	193,	192,	191,	190,	189,	188,	187,	186,	185,	184,	183,	182,	181,	180,	179,	178,	177,	176,	175,	174,	173,	172,	171,	170,	169,	168,	
y=13,	12,	11,	10,	9,	8,	7,	6,	5,	4,	3,	2,	1,	0,	255,	254,	253,	252,	251,	250,	249,	248,	247,	246,	245,	244,	243,	242,	241,	240,	239,	238,	237,	236,	235,	234,	233,	232,	231,	230,	229,	228,	227,	226,	225,	224,	223,	222,	221,	220,	219,	218,	217,	216,	215,	214,	213,	212,	211,	210,	209,	208,	207,	206,	205,	204,	203,	202,	201,	200,	199,	198,	197,	196,	195,	194,	193,	192,	191,	190,	189,	188,	187,	186,	185,	184,	183,	182,	181,	180,	179,	178,	177,	176,	175,	174,	173,	172,	171,	170,	169,	
y=14,	13,	12,	11,	10,	9,	8,	7,	6,	5,	4,	3,	2,	1,	0,	255,	254,	253,	252,	251,	250,	249,	248,	247,	246,	245,	244,	243,	242,	241,	240,	239,	238,	237,	236,	235,	234,	233,	232,	231,	230,	229,	228,	227,	226,	225,	224,	223,	222,	221,	220,	219,	218,	217,	216,	215,	214,	213,	212,	211,	210,	209,	208,	207,	206,	205,	204,	203,	202,	201,	200,	199,	198,	197,	196,	195,	194,	193,	192,	191,	190,	189,	188,	187,	186,	185,	184,	183,	182,	181,	180,	179,	178,	177,	176,	175,	174,	173,	172,	171,	170,	
y=15,	14,	13,	12,	11,	10,	9,	8,	7,	6,	5,	4,	3,	2,	1,	0,	255,	254,	253,	252,	251,	250,	249,	248,	247,	246,	245,	244,	243,	242,	241,	240,	239,	238,	237,	236,	235,	234,	233,	232,	231,	230,	229,	228,	227,	226,	225,	224,	223,	222,	221,	220,	219,	218,	217,	216,	215,	214,	213,	212,	211,	210,	209,	208,	207,	206,	205,	204,	203,	202,	201,	200,	199,	198,	197,	196,	195,	194,	193,	192,	191,	190,	189,	188,	187,	186,	185,	184,	183,	182,	181,	180,	179,	178,	177,	176,	175,	174,	173,	172,	171,	
y=16,	15,	14,	13,	12,	11,	10,	9,	8,	7,	6,	5,	4,	3,	2,	1,	0,	255,	254,	253,	252,	251,	250,	249,	248,	247,	246,	245,	244,	243,	242,	241,	240,	239,	238,	237,	236,	235,	234,	233,	232,	231,	230,	229,	228,	227,	226,	225,	224,	223,	222,	221,	220,	219,	218,	217,	216,	215,	214,	213,	212,	211,	210,	209,	208,	207,	206,	205,	204,	203,	202,	201,	200,	199,	198,	197,	196,	195,	194,	193,	192,	191,	190,	189,	188,	187,	186,	185,	184,	183,	182,	181,	180,	179,	178,	177,	176,	175,	174,	173,	172,	
y=17,	16,	15,	14,	13,	12,	11,	10,	9,	8,	7,	6,	5,	4,	3,	2,	1,	0,	255,	254,	253,	252,	251,	250,	249,	248,	247,	246,	245,	244,	243,	242,	241,	240,	239,	238,	237,	236,	235,	234,	233,	232,	231,	230,	229,	228,	227,	226,	225,	224,	223,	222,	221,	220,	219,	218,	217,	216,	215,	214,	213,	212,	211,	210,	209,	208,	207,	206,	205,	204,	203,	202,	201,	200,	199,	198,	197,	196,	195,	194,	193,	192,	191,	190,	189,	188,	187,	186,	185,	184,	183,	182,	181,	180,	179,	178,	177,	176,	175,	174,	173,	
y=18,	17,	16,	15,	14,	13,	12,	11,	10,	9,	8,	7,	6,	5,	4,	3,	2,	1,	0,	255,	254,	253,	252,	251,	250,	249,	248,	247,	246,	245,	244,	243,	242,	241,	240,	239,	238,	237,	236,	235,	234,	233,	232,	231,	230,	229,	228,	227,	226,	225,	224,	223,	222,	221,	220,	219,	218,	217,	216,	215,	214,	213,	212,	211,	210,	209,	208,	207,	206,	205,	204,	203,	202,	201,	200,	199,	198,	197,	196,	195,	194,	193,	192,	191,	190,	189,	188,	187,	186,	185,	184,	183,	182,	181,	180,	179,	178,	177,	176,	175,	174,	
y=19,	18,	17,	16,	15,	14,	13,	12,	11,	10,	9,	8,	7,	6,	5,	4,	3,	2,	1,	0,	255,	254,	253,	252,	251,	250,	249,	248,	247,	246,	245,	244,	243,	242,	241,	240,	239,	238,	237,	236,	235,	234,	233,	232,	231,	230,	229,	228,	227,	226,	225,	224,	223,	222,	221,	220,	219,	218,	217,	216,	215,	214,	213,	212,	211,	210,	209,	208,	207,	206,	205,	204,	203,	202,	201,	200,	199,	198,	197,	196,	195,	194,	193,	192,	191,	190,	189,	188,	187,	186,	185,	184,	183,	182,	181,	180,	179,	178,	177,	176,	175,	
y=20,	19,	18,	17,	16,	15,	14,	13,	12,	11,	10,	9,	8,	7,	6,	5,	4,	3,	2,	1,	0,	255,	254,	253,	252,	251,	250,	249,	248,	247,	246,	245,	244,	243,	242,	241,	240,	239,	238,	237,	236,	235,	234,	233,	232,	231,	230,	229,	228,	227,	226,	225,	224,	223,	222,	221,	220,	219,	218,	217,	216,	215,	214,	213,	212,	211,	210,	209,	208,	207,	206,	205,	204,	203,	202,	201,	200,	199,	198,	197,	196,	195,	194,	193,	192,	191,	190,	189,	188,	187,	186,	185,	184,	183,	182,	181,	180,	179,	178,	177,	176,	
y=21,	20,	19,	18,	17,	16,	15,	14,	13,	12,	11,	10,	9,	8,	7,	6,	5,	4,	3,	2,	1,	0,	255,	254,	253,	252,	251,	250,	249,	248,	247,	246,	245,	244,	243,	242,	241,	240,	239,	238,	237,	236,	235,	234,	233,	232,	231,	230,	229,	228,	227,	226,	225,	224,	223,	222,	221,	220,	219,	218,	217,	216,	215,	214,	213,	212,	211,	210,	209,	208,	207,	206,	205,	204,	203,	202,	201,	200,	199,	198,	197,	196,	195,	194,	193,	192,	191,	190,	189,	188,	187,	186,	185,	184,	183,	182,	181,	180,	179,	178,	177,	
y=22,	21,	20,	19,	18,	17,	16,	15,	14,	13,	12,	11,	10,	9,	8,	7,	6,	5,	4,	3,	2,	1,	0,	255,	254,	253,	252,	251,	250,	249,	248,	247,	246,	245,	244,	243,	242,	241,	240,	239,	238,	237,	236,	235,	234,	233,	232,	231,	230,	229,	228,	227,	226,	225,	224,	223,	222,	221,	220,	219,	218,	217,	216,	215,	214,	213,	212,	211,	210,	209,	208,	207,	206,	205,	204,	203,	202,	201,	200,	199,	198,	197,	196,	195,	194,	193,	192,	191,	190,	189,	188,	187,	186,	185,	184,	183,	182,	181,	180,	179,	178,	
y=23,	22,	21,	20,	19,	18,	17,	16,	15,	14,	13,	12,	11,	10,	9,	8,	7,	6,	5,	4,	3,	2,	1,	0,	255,	254,	253,	252,	251,	250,	249,	248,	247,	246,	245,	244,	243,	242,	241,	240,	239,	238,	237,	236,	235,	234,	233,	232,	231,	230,	229,	228,	227,	226,	225,	224,	223,	222,	221,	220,	219,	218,	217,	216,	215,	214,	213,	212,	211,	210,	209,	208,	207,	206,	205,	204,	203,	202,	201,	200,	199,	198,	197,	196,	195,	194,	193,	192,	191,	190,	189,	188,	187,	186,	185,	184,	183,	182,	181,	180,	179,	
y=24,	23,	22,	21,	20,	19,	18,	17,	16,	15,	14,	13,	12,	11,	10,	9,	8,	7,	6,	5,	4,	3,	2,	1,	0,	255,	254,	253,	252,	251,	250,	249,	248,	247,	246,	245,	244,	243,	242,	241,	240,	239,	238,	237,	236,	235,	234,	233,	232,	231,	230,	229,	228,	227,	226,	225,	224,	223,	222,	221,	220,	219,	218,	217,	216,	215,	214,	213,	212,	211,	210,	209,	208,	207,	206,	205,	204,	203,	202,	201,	200,	199,	198,	197,	196,	195,	194,	193,	192,	191,	190,	189,	188,	187,	186,	185,	184,	183,	182,	181,	180,	
y=25,	24,	23,	22,	21,	20,	19,	18,	17,	16,	15,	14,	13,	12,	11,	10,	9,	8,	7,	6,	5,	4,	3,	2,	1,	0,	255,	254,	253,	252,	251,	250,	249,	248,	247,	246,	245,	244,	243,	242,	241,	240,	239,	238,	237,	236,	235,	234,	233,	232,	231,	230,	229,	228,	227,	226,	225,	224,	223,	222,	221,	220,	219,	218,	217,	216,	215,	214,	213,	212,	211,	210,	209,	208,	207,	206,	205,	204,	203,	202,	201,	200,	199,	198,	197,	196,	195,	194,	193,	192,	191,	190,	189,	188,	187,	186,	185,	184,	183,	182,	181,	
y=26,	25,	24,	23,	22,	21,	20,	19,	18,	17,	16,	15,	14,	13,	12,	11,	10,	9,	8,	7,	6,	5,	4,	3,	2,	1,	0,	255,	254,	253,	252,	251,	250,	249,	248,	247,	246,	245,	244,	243,	242,	241,	240,	239,	238,	237,	236,	235,	234,	233,	232,	231,	230,	229,	228,	227,	226,	225,	224,	223,	222,	221,	220,	219,	218,	217,	216,	215,	214,	213,	212,	211,	210,	209,	208,	207,	206,	205,	204,	203,	202,	201,	200,	199,	198,	197,	196,	195,	194,	193,	192,	191,	190,	189,	188,	187,	186,	185,	184,	183,	182,	
y=27,	26,	25,	24,	23,	22,	21,	20,	19,	18,	17,	16,	15,	14,	13,	12,	11,	10,	9,	8,	7,	6,	5,	4,	3,	2,	1,	0,	255,	254,	253,	252,	251,	250,	249,	248,	247,	246,	245,	244,	243,	242,	241,	240,	239,	238,	237,	236,	235,	234,	233,	232,	231,	230,	229,	228,	227,	226,	225,	224,	223,	222,	221,	220,	219,	218,	217,	216,	215,	214,	213,	212,	211,	210,	209,	208,	207,	206,	205,	204,	203,	202,	201,	200,	199,	198,	197,	196,	195,	194,	193,	192,	191,	190,	189,	188,	187,	186,	185,	184,	183,	
y=28,	27,	26,	25,	24,	23,	22,	21,	20,	19,	18,	17,	16,	15,	14,	13,	12,	11,	10,	9,	8,	7,	6,	5,	4,	3,	2,	1,	0,	255,	254,	253,	252,	251,	250,	249,	248,	247,	246,	245,	244,	243,	242,	241,	240,	239,	238,	237,	236,	235,	234,	233,	232,	231,	230,	229,	228,	227,	226,	225,	224,	223,	222,	221,	220,	219,	218,	217,	216,	215,	214,	213,	212,	211,	210,	209,	208,	207,	206,	205,	204,	203,	202,	201,	200,	199,	198,	197,	196,	195,	194,	193,	192,	191,	190,	189,	188,	187,	186,	185,	184,	
y=29,	28,	27,	26,	25,	24,	23,	22,	21,	20,	19,	18,	17,	16,	15,	14,	13,	12,	11,	10,	9,	8,	7,	6,	5,	4,	3,	2,	1,	0,	255,	254,	253,	252,	251,	250,	249,	248,	247,	246,	245,	244,	243,	242,	241,	240,	239,	238,	237,	236,	235,	234,	233,	232,	231,	230,	229,	228,	227,	226,	225,	224,	223,	222,	221,	220,	219,	218,	217,	216,	215,	214,	213,	212,	211,	210,	209,	208,	207,	206,	205,	204,	203,	202,	201,	200,	199,	198,	197,	196,	195,	194,	193,	192,	191,	190,	189,	188,	187,	186,	185,	
y=30,	29,	28,	27,	26,	25,	24,	23,	22,	21,	20,	19,	18,	17,	16,	15,	14,	13,	12,	11,	10,	9,	8,	7,	6,	5,	4,	3,	2,	1,	0,	255,	254,	253,	252,	251,	250,	249,	248,	247,	246,	245,	244,	243,	242,	241,	240,	239,	238,	237,	236,	235,	234,	233,	232,	231,	230,	229,	228,	227,	226,	225,	224,	223,	222,	221,	220,	219,	218,	217,	216,	215,	214,	213,	212,	211,	210,	209,	208,	207,	206,	205,	204,	203,	202,	201,	200,	199,	198,	197,	196,	195,	194,	193,	192,	191,	190,	189,	188,	187,	186,	
y=31,	30,	29,	28,	27,	26,	25,	24,	23,	22,	21,	20,	19,	18,	17,	16,	15,	14,	13,	12,	11,	10,	9,	8,	7,	6,	5,	4,	3,	2,	1,	0,	255,	254,	253,	252,	251,	250,	249,	248,	247,	246,	245,	244,	243,	242,	241,	240,	239,	238,	237,	236,	235,	234,	233,	232,	231,	230,	229,	228,	227,	226,	225,	224,	223,	222,	221,	220,	219,	218,	217,	216,	215,	214,	213,	212,	211,	210,	209,	208,	207,	206,	205,	204,	203,	202,	201,	200,	199,	198,	197,	196,	195,	194,	193,	192,	191,	190,	189,	188,	187,	
y=32,	31,	30,	29,	28,	27,	26,	25,	24,	23,	22,	21,	20,	19,	18,	17,	16,	15,	14,	13,	12,	11,	10,	9,	8,	7,	6,	5,	4,	3,	2,	1,	0,	255,	254,	253,	252,	251,	250,	249,	248,	247,	246,	245,	244,	243,	242,	241,	240,	239,	238,	237,	236,	235,	234,	233,	232,	231,	230,	229,	228,	227,	226,	225,	224,	223,	222,	221,	220,	219,	218,	217,	216,	215,	214,	213,	212,	211,	210,	209,	208,	207,	206,	205,	204,	203,	202,	201,	200,	199,	198,	197,	196,	195,	194,	193,	192,	191,	190,	189,	188,	
y=33,	32,	31,	30,	29,	28,	27,	26,	25,	24,	23,	22,	21,	20,	19,	18,	17,	16,	15,	14,	13,	12,	11,	10,	9,	8,	7,	6,	5,	4,	3,	2,	1,	0,	255,	254,	253,	252,	251,	250,	249,	248,	247,	246,	245,	244,	243,	242,	241,	240,	239,	238,	237,	236,	235,	234,	233,	232,	231,	230,	229,	228,	227,	226,	225,	224,	223,	222,	221,	220,	219,	218,	217,	216,	215,	214,	213,	212,	211,	210,	209,	208,	207,	206,	205,	204,	203,	202,	201,	200,	199,	198,	197,	196,	195,	194,	193,	192,	191,	190,	189,	
y=34,	33,	32,	31,	30,	29,	28,	27,	26,	25,	24,	23,	22,	21,	20,	19,	18,	17,	16,	15,	14,	13,	12,	11,	10,	9,	8,	7,	6,	5,	4,	3,	2,	1,	0,	255,	254,	253,	252,	251,	250,	249,	248,	247,	246,	245,	244,	243,	242,	241,	240,	239,	238,	237,	236,	235,	234,	233,	232,	231,	230,	229,	228,	227,	226,	225,	224,	223,	222,	221,	220,	219,	218,	217,	216,	215,	214,	213,	212,	211,	210,	209,	208,	207,	206,	205,	204,	203,	202,	201,	200,	199,	198,	197,	196,	195,	194,	193,	192,	191,	190,	
y=35,	34,	33,	32,	31,	30,	29,	28,	27,	26,	25,	24,	23,	22,	21,	20,	19,	18,	17,	16,	15,	14,	13,	12,	11,	10,	9,	8,	7,	6,	5,	4,	3,	2,	1,	0,	255,	254,	253,	252,	251,	250,	249,	248,	247,	246,	245,	244,	243,	242,	241,	240,	239,	238,	237,	236,	235,	234,	233,	232,	231,	230,	229,	228,	227,	226,	225,	224,	223,	222,	221,	220,	219,	218,	217,	216,	215,	214,	213,	212,	211,	210,	209,	208,	207,	206,	205,	204,	203,	202,	201,	200,	199,	198,	197,	196,	195,	194,	193,	192,	191,	
y=36,	35,	34,	33,	32,	31,	30,	29,	28,	27,	26,	25,	24,	23,	22,	21,	20,	19,	18,	17,	16,	15,	14,	13,	12,	11,	10,	9,	8,	7,	6,	5,	4,	3,	2,	1,	0,	255,	254,	253,	252,	251,	250,	249,	248,	247,	246,	245,	244,	243,	242,	241,	240,	239,	238,	237,	236,	235,	234,	233,	232,	231,	230,	229,	228,	227,	226,	225,	224,	223,	222,	221,	220,	219,	218,	217,	216,	215,	214,	213,	212,	211,	210,	209,	208,	207,	206,	205,	204,	203,	202,	201,	200,	199,	198,	197,	196,	195,	194,	193,	192,	
y=37,	36,	35,	34,	33,	32,	31,	30,	29,	28,	27,	26,	25,	24,	23,	22,	21,	20,	19,	18,	17,	16,	15,	14,	13,	12,	11,	10,	9,	8,	7,	6,	5,	4,	3,	2,	1,	0,	255,	254,	253,	252,	251,	250,	249,	248,	247,	246,	245,	244,	243,	242,	241,	240,	239,	238,	237,	236,	235,	234,	233,	232,	231,	230,	229,	228,	227,	226,	225,	224,	223,	222,	221,	220,	219,	218,	217,	216,	215,	214,	213,	212,	211,	210,	209,	208,	207,	206,	205,	204,	203,	202,	201,	200,	199,	198,	197,	196,	195,	194,	193,	
y=38,	37,	36,	35,	34,	33,	32,	31,	30,	29,	28,	27,	26,	25,	24,	23,	22,	21,	20,	19,	18,	17,	16,	15,	14,	13,	12,	11,	10,	9,	8,	7,	6,	5,	4,	3,	2,	1,	0,	255,	254,	253,	252,	251,	250,	249,	248,	247,	246,	245,	244,	243,	242,	241,	240,	239,	238,	237,	236,	235,	234,	233,	232,	231,	230,	229,	228,	227,	226,	225,	224,	223,	222,	221,	220,	219,	218,	217,	216,	215,	214,	213,	212,	211,	210,	209,	208,	207,	206,	205,	204,	203,	202,	201,	200,	199,	198,	197,	196,	195,	194,	
y=39,	38,	37,	36,	35,	34,	33,	32,	31,	30,	29,	28,	27,	26,	25,	24,	23,	22,	21,	20,	19,	18,	17,	16,	15,	14,	13,	12,	11,	10,	9,	8,	7,	6,	5,	4,	3,	2,	1,	0,	255,	254,	253,	252,	251,	250,	249,	248,	247,	246,	245,	244,	243,	242,	241,	240,	239,	238,	237,	236,	235,	234,	233,	232,	231,	230,	229,	228,	227,	226,	225,	224,	223,	222,	221,	220,	219,	218,	217,	216,	215,	214,	213,	212,	211,	210,	209,	208,	207,	206,	205,	204,	203,	202,	201,	200,	199,	198,	197,	196,	195,	
y=40,	39,	38,	37,	36,	35,	34,	33,	32,	31,	30,	29,	28,	27,	26,	25,	24,	23,	22,	21,	20,	19,	18,	17,	16,	15,	14,	13,	12,	11,	10,	9,	8,	7,	6,	5,	4,	3,	2,	1,	0,	255,	254,	253,	252,	251,	250,	249,	248,	247,	246,	245,	244,	243,	242,	241,	240,	239,	238,	237,	236,	235,	234,	233,	232,	231,	230,	229,	228,	227,	226,	225,	224,	223,	222,	221,	220,	219,	218,	217,	216,	215,	214,	213,	212,	211,	210,	209,	208,	207,	206,	205,	204,	203,	202,	201,	200,	199,	198,	197,	196,	
y=41,	40,	39,	38,	37,	36,	35,	34,	33,	32,	31,	30,	29,	28,	27,	26,	25,	24,	23,	22,	21,	20,	19,	18,	17,	16,	15,	14,	13,	12,	11,	10,	9,	8,	7,	6,	5,	4,	3,	2,	1,	0,	255,	254,	253,	252,	251,	250,	249,	248,	247,	246,	245,	244,	243,	242,	241,	240,	239,	238,	237,	236,	235,	234,	233,	232,	231,	230,	229,	228,	227,	226,	225,	224,	223,	222,	221,	220,	219,	218,	217,	216,	215,	214,	213,	212,	211,	210,	209,	208,	207,	206,	205,	204,	203,	202,	201,	200,	199,	198,	197,	
y=42,	41,	40,	39,	38,	37,	36,	35,	34,	33,	32,	31,	30,	29,	28,	27,	26,	25,	24,	23,	22,	21,	20,	19,	18,	17,	16,	15,	14,	13,	12,	11,	10,	9,	8,	7,	6,	5,	4,	3,	2,	1,	0,	255,	254,	253,	252,	251,	250,	249,	248,	247,	246,	245,	244,	243,	242,	241,	240,	239,	238,	237,	236,	235,	234,	233,	232,	231,	230,	229,	228,	227,	226,	225,	224,	223,	222,	221,	220,	219,	218,	217,	216,	215,	214,	213,	212,	211,	210,	209,	208,	207,	206,	205,	204,	203,	202,	201,	200,	199,	198,	
y=43,	42,	41,	40,	39,	38,	37,	36,	35,	34,	33,	32,	31,	30,	29,	28,	27,	26,	25,	24,	23,	22,	21,	20,	19,	18,	17,	16,	15,	14,	13,	12,	11,	10,	9,	8,	7,	6,	5,	4,	3,	2,	1,	0,	255,	254,	253,	252,	251,	250,	249,	248,	247,	246,	245,	244,	243,	242,	241,	240,	239,	238,	237,	236,	235,	234,	233,	232,	231,	230,	229,	228,	227,	226,	225,	224,	223,	222,	221,	220,	219,	218,	217,	216,	215,	214,	213,	212,	211,	210,	209,	208,	207,	206,	205,	204,	203,	202,	201,	200,	199,	
y=44,	43,	42,	41,	40,	39,	38,	37,	36,	35,	34,	33,	32,	31,	30,	29,	28,	27,	26,	25,	24,	23,	22,	21,	20,	19,	18,	17,	16,	15,	14,	13,	12,	11,	10,	9,	8,	7,	6,	5,	4,	3,	2,	1,	0,	255,	254,	253,	252,	251,	250,	249,	248,	247,	246,	245,	244,	243,	242,	241,	240,	239,	238,	237,	236,	235,	234,	233,	232,	231,	230,	229,	228,	227,	226,	225,	224,	223,	222,	221,	220,	219,	218,	217,	216,	215,	214,	213,	212,	211,	210,	209,	208,	207,	206,	205,	204,	203,	202,	201,	200,	
y=45,	44,	43,	42,	41,	40,	39,	38,	37,	36,	35,	34,	33,	32,	31,	30,	29,	28,	27,	26,	25,	24,	23,	22,	21,	20,	19,	18,	17,	16,	15,	14,	13,	12,	11,	10,	9,	8,	7,	6,	5,	4,	3,	2,	1,	0,	255,	254,	253,	252,	251,	250,	249,	248,	247,	246,	245,	244,	243,	242,	241,	240,	239,	238,	237,	236,	235,	234,	233,	232,	231,	230,	229,	228,	227,	226,	225,	224,	223,	222,	221,	220,	219,	218,	217,	216,	215,	214,	213,	212,	211,	210,	209,	208,	207,	206,	205,	204,	203,	202,	201,	
y=46,	45,	44,	43,	42,	41,	40,	39,	38,	37,	36,	35,	34,	33,	32,	31,	30,	29,	28,	27,	26,	25,	24,	23,	22,	21,	20,	19,	18,	17,	16,	15,	14,	13,	12,	11,	10,	9,	8,	7,	6,	5,	4,	3,	2,	1,	0,	255,	254,	253,	252,	251,	250,	249,	248,	247,	246,	245,	244,	243,	242,	241,	240,	239,	238,	237,	236,	235,	234,	233,	232,	231,	230,	229,	228,	227,	226,	225,	224,	223,	222,	221,	220,	219,	218,	217,	216,	215,	214,	213,	212,	211,	210,	209,	208,	207,	206,	205,	204,	203,	202,	
y=47,	46,	45,	44,	43,	42,	41,	40,	39,	38,	37,	36,	35,	34,	33,	32,	31,	30,	29,	28,	27,	26,	25,	24,	23,	22,	21,	20,	19,	18,	17,	16,	15,	14,	13,	12,	11,	10,	9,	8,	7,	6,	5,	4,	3,	2,	1,	0,	255,	254,	253,	252,	251,	250,	249,	248,	247,	246,	245,	244,	243,	242,	241,	240,	239,	238,	237,	236,	235,	234,	233,	232,	231,	230,	229,	228,	227,	226,	225,	224,	223,	222,	221,	220,	219,	218,	217,	216,	215,	214,	213,	212,	211,	210,	209,	208,	207,	206,	205,	204,	203,	
y=48,	47,	46,	45,	44,	43,	42,	41,	40,	39,	38,	37,	36,	35,	34,	33,	32,	31,	30,	29,	28,	27,	26,	25,	24,	23,	22,	21,	20,	19,	18,	17,	16,	15,	14,	13,	12,	11,	10,	9,	8,	7,	6,	5,	4,	3,	2,	1,	0,	255,	254,	253,	252,	251,	250,	249,	248,	247,	246,	245,	244,	243,	242,	241,	240,	239,	238,	237,	236,	235,	234,	233,	232,	231,	230,	229,	228,	227,	226,	225,	224,	223,	222,	221,	220,	219,	218,	217,	216,	215,	214,	213,	212,	211,	210,	209,	208,	207,	206,	205,	204,	
y=49,	48,	47,	46,	45,	44,	43,	42,	41,	40,	39,	38,	37,	36,	35,	34,	33,	32,	31,	30,	29,	28,	27,	26,	25,	24,	23,	22,	21,	20,	19,	18,	17,	16,	15,	14,	13,	12,	11,	10,	9,	8,	7,	6,	5,	4,	3,	2,	1,	0,	255,	254,	253,	252,	251,	250,	249,	248,	247,	246,	245,	244,	243,	242,	241,	240,	239,	238,	237,	236,	235,	234,	233,	232,	231,	230,	229,	228,	227,	226,	225,	224,	223,	222,	221,	220,	219,	218,	217,	216,	215,	214,	213,	212,	211,	210,	209,	208,	207,	206,	205,	
y=50,	49,	48,	47,	46,	45,	44,	43,	42,	41,	40,	39,	38,	37,	36,	35,	34,	33,	32,	31,	30,	29,	28,	27,	26,	25,	24,	23,	22,	21,	20,	19,	18,	17,	16,	15,	14,	13,	12,	11,	10,	9,	8,	7,	6,	5,	4,	3,	2,	1,	0,	255,	254,	253,	252,	251,	250,	249,	248,	247,	246,	245,	244,	243,	242,	241,	240,	239,	238,	237,	236,	235,	234,	233,	232,	231,	230,	229,	228,	227,	226,	225,	224,	223,	222,	221,	220,	219,	218,	217,	216,	215,	214,	213,	212,	211,	210,	209,	208,	207,	206,	
y=51,	50,	49,	48,	47,	46,	45,	44,	43,	42,	41,	40,	39,	38,	37,	36,	35,	34,	33,	32,	31,	30,	29,	28,	27,	26,	25,	24,	23,	22,	21,	20,	19,	18,	17,	16,	15,	14,	13,	12,	11,	10,	9,	8,	7,	6,	5,	4,	3,	2,	1,	0,	255,	254,	253,	252,	251,	250,	249,	248,	247,	246,	245,	244,	243,	242,	241,	240,	239,	238,	237,	236,	235,	234,	233,	232,	231,	230,	229,	228,	227,	226,	225,	224,	223,	222,	221,	220,	219,	218,	217,	216,	215,	214,	213,	212,	211,	210,	209,	208,	207,	
y=52,	51,	50,	49,	48,	47,	46,	45,	44,	43,	42,	41,	40,	39,	38,	37,	36,	35,	34,	33,	32,	31,	30,	29,	28,	27,	26,	25,	24,	23,	22,	21,	20,	19,	18,	17,	16,	15,	14,	13,	12,	11,	10,	9,	8,	7,	6,	5,	4,	3,	2,	1,	0,	255,	254,	253,	252,	251,	250,	249,	248,	247,	246,	245,	244,	243,	242,	241,	240,	239,	238,	237,	236,	235,	234,	233,	232,	231,	230,	229,	228,	227,	226,	225,	224,	223,	222,	221,	220,	219,	218,	217,	216,	215,	214,	213,	212,	211,	210,	209,	208,	
y=53,	52,	51,	50,	49,	48,	47,	46,	45,	44,	43,	42,	41,	40,	39,	38,	37,	36,	35,	34,	33,	32,	31,	30,	29,	28,	27,	26,	25,	24,	23,	22,	21,	20,	19,	18,	17,	16,	15,	14,	13,	12,	11,	10,	9,	8,	7,	6,	5,	4,	3,	2,	1,	0,	255,	254,	253,	252,	251,	250,	249,	248,	247,	246,	245,	244,	243,	242,	241,	240,	239,	238,	237,	236,	235,	234,	233,	232,	231,	230,	229,	228,	227,	226,	225,	224,	223,	222,	221,	220,	219,	218,	217,	216,	215,	214,	213,	212,	211,	210,	209,	
y=54,	53,	52,	51,	50,	49,	48,	47,	46,	45,	44,	43,	42,	41,	40,	39,	38,	37,	36,	35,	34,	33,	32,	31,	30,	29,	28,	27,	26,	25,	24,	23,	22,	21,	20,	19,	18,	17,	16,	15,	14,	13,	12,	11,	10,	9,	8,	7,	6,	5,	4,	3,	2,	1,	0,	255,	254,	253,	252,	251,	250,	249,	248,	247,	246,	245,	244,	243,	242,	241,	240,	239,	238,	237,	236,	235,	234,	233,	232,	231,	230,	229,	228,	227,	226,	225,	224,	223,	222,	221,	220,	219,	218,	217,	216,	215,	214,	213,	212,	211,	210,	
y=55,	54,	53,	52,	51,	50,	49,	48,	47,	46,	45,	44,	43,	42,	41,	40,	39,	38,	37,	36,	35,	34,	33,	32,	31,	30,	29,	28,	27,	26,	25,	24,	23,	22,	21,	20,	19,	18,	17,	16,	15,	14,	13,	12,	11,	10,	9,	8,	7,	6,	5,	4,	3,	2,	1,	0,	255,	254,	253,	252,	251,	250,	249,	248,	247,	246,	245,	244,	243,	242,	241,	240,	239,	238,	237,	236,	235,	234,	233,	232,	231,	230,	229,	228,	227,	226,	225,	224,	223,	222,	221,	220,	219,	218,	217,	216,	215,	214,	213,	212,	211,	
y=56,	55,	54,	53,	52,	51,	50,	49,	48,	47,	46,	45,	44,	43,	42,	41,	40,	39,	38,	37,	36,	35,	34,	33,	32,	31,	30,	29,	28,	27,	26,	25,	24,	23,	22,	21,	20,	19,	18,	17,	16,	15,	14,	13,	12,	11,	10,	9,	8,	7,	6,	5,	4,	3,	2,	1,	0,	255,	254,	253,	252,	251,	250,	249,	248,	247,	246,	245,	244,	243,	242,	241,	240,	239,	238,	237,	236,	235,	234,	233,	232,	231,	230,	229,	228,	227,	226,	225,	224,	223,	222,	221,	220,	219,	218,	217,	216,	215,	214,	213,	212,	
y=57,	56,	55,	54,	53,	52,	51,	50,	49,	48,	47,	46,	45,	44,	43,	42,	41,	40,	39,	38,	37,	36,	35,	34,	33,	32,	31,	30,	29,	28,	27,	26,	25,	24,	23,	22,	21,	20,	19,	18,	17,	16,	15,	14,	13,	12,	11,	10,	9,	8,	7,	6,	5,	4,	3,	2,	1,	0,	255,	254,	253,	252,	251,	250,	249,	248,	247,	246,	245,	244,	243,	242,	241,	240,	239,	238,	237,	236,	235,	234,	233,	232,	231,	230,	229,	228,	227,	226,	225,	224,	223,	222,	221,	220,	219,	218,	217,	216,	215,	214,	213,	
y=58,	57,	56,	55,	54,	53,	52,	51,	50,	49,	48,	47,	46,	45,	44,	43,	42,	41,	40,	39,	38,	37,	36,	35,	34,	33,	32,	31,	30,	29,	28,	27,	26,	25,	24,	23,	22,	21,	20,	19,	18,	17,	16,	15,	14,	13,	12,	11,	10,	9,	8,	7,	6,	5,	4,	3,	2,	1,	0,	255,	254,	253,	252,	251,	250,	249,	248,	247,	246,	245,	244,	243,	242,	241,	240,	239,	238,	237,	236,	235,	234,	233,	232,	231,	230,	229,	228,	227,	226,	225,	224,	223,	222,	221,	220,	219,	218,	217,	216,	215,	214,	
y=59,	58,	57,	56,	55,	54,	53,	52,	51,	50,	49,	48,	47,	46,	45,	44,	43,	42,	41,	40,	39,	38,	37,	36,	35,	34,	33,	32,	31,	30,	29,	28,	27,	26,	25,	24,	23,	22,	21,	20,	19,	18,	17,	16,	15,	14,	13,	12,	11,	10,	9,	8,	7,	6,	5,	4,	3,	2,	1,	0,	255,	254,	253,	252,	251,	250,	249,	248,	247,	246,	245,	244,	243,	242,	241,	240,	239,	238,	237,	236,	235,	234,	233,	232,	231,	230,	229,	228,	227,	226,	225,	224,	223,	222,	221,	220,	219,	218,	217,	216,	215,	
y=60,	59,	58,	57,	56,	55,	54,	53,	52,	51,	50,	49,	48,	47,	46,	45,	44,	43,	42,	41,	40,	39,	38,	37,	36,	35,	34,	33,	32,	31,	30,	29,	28,	27,	26,	25,	24,	23,	22,	21,	20,	19,	18,	17,	16,	15,	14,	13,	12,	11,	10,	9,	8,	7,	6,	5,	4,	3,	2,	1,	0,	255,	254,	253,	252,	251,	250,	249,	248,	247,	246,	245,	244,	243,	242,	241,	240,	239,	238,	237,	236,	235,	234,	233,	232,	231,	230,	229,	228,	227,	226,	225,	224,	223,	222,	221,	220,	219,	218,	217,	216,	
y=61,	60,	59,	58,	57,	56,	55,	54,	53,	52,	51,	50,	49,	48,	47,	46,	45,	44,	43,	42,	41,	40,	39,	38,	37,	36,	35,	34,	33,	32,	31,	30,	29,	28,	27,	26,	25,	24,	23,	22,	21,	20,	19,	18,	17,	16,	15,	14,	13,	12,	11,	10,	9,	8,	7,	6,	5,	4,	3,	2,	1,	0,	255,	254,	253,	252,	251,	250,	249,	248,	247,	246,	245,	244,	243,	242,	241,	240,	239,	238,	237,	236,	235,	234,	233,	232,	231,	230,	229,	228,	227,	226,	225,	224,	223,	222,	221,	220,	219,	218,	217,	
y=62,	61,	60,	59,	58,	57,	56,	55,	54,	53,	52,	51,	50,	49,	48,	47,	46,	45,	44,	43,	42,	41,	40,	39,	38,	37,	36,	35,	34,	33,	32,	31,	30,	29,	28,	27,	26,	25,	24,	23,	22,	21,	20,	19,	18,	17,	16,	15,	14,	13,	12,	11,	10,	9,	8,	7,	6,	5,	4,	3,	2,	1,	0,	255,	254,	253,	252,	251,	250,	249,	248,	247,	246,	245,	244,	243,	242,	241,	240,	239,	238,	237,	236,	235,	234,	233,	232,	231,	230,	229,	228,	227,	226,	225,	224,	223,	222,	221,	220,	219,	218,	
y=63,	62,	61,	60,	59,	58,	57,	56,	55,	54,	53,	52,	51,	50,	49,	48,	47,	46,	45,	44,	43,	42,	41,	40,	39,	38,	37,	36,	35,	34,	33,	32,	31,	30,	29,	28,	27,	26,	25,	24,	23,	22,	21,	20,	19,	18,	17,	16,	15,	14,	13,	12,	11,	10,	9,	8,	7,	6,	5,	4,	3,	2,	1,	0,	255,	254,	253,	252,	251,	250,	249,	248,	247,	246,	245,	244,	243,	242,	241,	240,	239,	238,	237,	236,	235,	234,	233,	232,	231,	230,	229,	228,	227,	226,	225,	224,	223,	222,	221,	220,	219,	
y=64,	63,	62,	61,	60,	59,	58,	57,	56,	55,	54,	53,	52,	51,	50,	49,	48,	47,	46,	45,	44,	43,	42,	41,	40,	39,	38,	37,	36,	35,	34,	33,	32,	31,	30,	29,	28,	27,	26,	25,	24,	23,	22,	21,	20,	19,	18,	17,	16,	15,	14,	13,	12,	11,	10,	9,	8,	7,	6,	5,	4,	3,	2,	1,	0,	255,	254,	253,	252,	251,	250,	249,	248,	247,	246,	245,	244,	243,	242,	241,	240,	239,	238,	237,	236,	235,	234,	233,	232,	231,	230,	229,	228,	227,	226,	225,	224,	223,	222,	221,	220,	
y=65,	64,	63,	62,	61,	60,	59,	58,	57,	56,	55,	54,	53,	52,	51,	50,	49,	48,	47,	46,	45,	44,	43,	42,	41,	40,	39,	38,	37,	36,	35,	34,	33,	32,	31,	30,	29,	28,	27,	26,	25,	24,	23,	22,	21,	20,	19,	18,	17,	16,	15,	14,	13,	12,	11,	10,	9,	8,	7,	6,	5,	4,	3,	2,	1,	0,	255,	254,	253,	252,	251,	250,	249,	248,	247,	246,	245,	244,	243,	242,	241,	240,	239,	238,	237,	236,	235,	234,	233,	232,	231,	230,	229,	228,	227,	226,	225,	224,	223,	222,	221,	
y=66,	65,	64,	63,	62,	61,	60,	59,	58,	57,	56,	55,	54,	53,	52,	51,	50,	49,	48,	47,	46,	45,	44,	43,	42,	41,	40,	39,	38,	37,	36,	35,	34,	33,	32,	31,	30,	29,	28,	27,	26,	25,	24,	23,	22,	21,	20,	19,	18,	17,	16,	15,	14,	13,	12,	11,	10,	9,	8,	7,	6,	5,	4,	3,	2,	1,	0,	255,	254,	253,	252,	251,	250,	249,	248,	247,	246,	245,	244,	243,	242,	241,	240,	239,	238,	237,	236,	235,	234,	233,	232,	231,	230,	229,	228,	227,	226,	225,	224,	223,	222,	
y=67,	66,	65,	64,	63,	62,	61,	60,	59,	58,	57,	56,	55,	54,	53,	52,	51,	50,	49,	48,	47,	46,	45,	44,	43,	42,	41,	40,	39,	38,	37,	36,	35,	34,	33,	32,	31,	30,	29,	28,	27,	26,	25,	24,	23,	22,	21,	20,	19,	18,	17,	16,	15,	14,	13,	12,	11,	10,	9,	8,	7,	6,	5,	4,	3,	2,	1,	0,	255,	254,	253,	252,	251,	250,	249,	248,	247,	246,	245,	244,	243,	242,	241,	240,	239,	238,	237,	236,	235,	234,	233,	232,	231,	230,	229,	228,	227,	226,	225,	224,	223,	
y=68,	67,	66,	65,	64,	63,	62,	61,	60,	59,	58,	57,	56,	55,	54,	53,	52,	51,	50,	49,	48,	47,	46,	45,	44,	43,	42,	41,	40,	39,	38,	37,	36,	35,	34,	33,	32,	31,	30,	29,	28,	27,	26,	25,	24,	23,	22,	21,	20,	19,	18,	17,	16,	15,	14,	13,	12,	11,	10,	9,	8,	7,	6,	5,	4,	3,	2,	1,	0,	255,	254,	253,	252,	251,	250,	249,	248,	247,	246,	245,	244,	243,	242,	241,	240,	239,	238,	237,	236,	235,	234,	233,	232,	231,	230,	229,	228,	227,	226,	225,	224,	
y=69,	68,	67,	66,	65,	64,	63,	62,	61,	60,	59,	58,	57,	56,	55,	54,	53,	52,	51,	50,	49,	48,	47,	46,	45,	44,	43,	42,	41,	40,	39,	38,	37,	36,	35,	34,	33,	32,	31,	30,	29,	28,	27,	26,	25,	24,	23,	22,	21,	20,	19,	18,	17,	16,	15,	14,	13,	12,	11,	10,	9,	8,	7,	6,	5,	4,	3,	2,	1,	0,	255,	254,	253,	252,	251,	250,	249,	248,	247,	246,	245,	244,	243,	242,	241,	240,	239,	238,	237,	236,	235,	234,	233,	232,	231,	230,	229,	228,	227,	226,	225,	
y=70,	69,	68,	67,	66,	65,	64,	63,	62,	61,	60,	59,	58,	57,	56,	55,	54,	53,	52,	51,	50,	49,	48,	47,	46,	45,	44,	43,	42,	41,	40,	39,	38,	37,	36,	35,	34,	33,	32,	31,	30,	29,	28,	27,	26,	25,	24,	23,	22,	21,	20,	19,	18,	17,	16,	15,	14,	13,	12,	11,	10,	9,	8,	7,	6,	5,	4,	3,	2,	1,	0,	255,	254,	253,	252,	251,	250,	249,	248,	247,	246,	245,	244,	243,	242,	241,	240,	239,	238,	237,	236,	235,	234,	233,	232,	231,	230,	229,	228,	227,	226,	
y=71,	70,	69,	68,	67,	66,	65,	64,	63,	62,	61,	60,	59,	58,	57,	56,	55,	54,	53,	52,	51,	50,	49,	48,	47,	46,	45,	44,	43,	42,	41,	40,	39,	38,	37,	36,	35,	34,	33,	32,	31,	30,	29,	28,	27,	26,	25,	24,	23,	22,	21,	20,	19,	18,	17,	16,	15,	14,	13,	12,	11,	10,	9,	8,	7,	6,	5,	4,	3,	2,	1,	0,	255,	254,	253,	252,	251,	250,	249,	248,	247,	246,	245,	244,	243,	242,	241,	240,	239,	238,	237,	236,	235,	234,	233,	232,	231,	230,	229,	228,	227,	
y=72,	71,	70,	69,	68,	67,	66,	65,	64,	63,	62,	61,	60,	59,	58,	57,	56,	55,	54,	53,	52,	51,	50,	49,	48,	47,	46,	45,	44,	43,	42,	41,	40,	39,	38,	37,	36,	35,	34,	33,	32,	31,	30,	29,	28,	27,	26,	25,	24,	23,	22,	21,	20,	19,	18,	17,	16,	15,	14,	13,	12,	11,	10,	9,	8,	7,	6,	5,	4,	3,	2,	1,	0,	255,	254,	253,	252,	251,	250,	249,	248,	247,	246,	245,	244,	243,	242,	241,	240,	239,	238,	237,	236,	235,	234,	233,	232,	231,	230,	229,	228,	
y=73,	72,	71,	70,	69,	68,	67,	66,	65,	64,	63,	62,	61,	60,	59,	58,	57,	56,	55,	54,	53,	52,	51,	50,	49,	48,	47,	46,	45,	44,	43,	42,	41,	40,	39,	38,	37,	36,	35,	34,	33,	32,	31,	30,	29,	28,	27,	26,	25,	24,	23,	22,	21,	20,	19,	18,	17,	16,	15,	14,	13,	12,	11,	10,	9,	8,	7,	6,	5,	4,	3,	2,	1,	0,	255,	254,	253,	252,	251,	250,	249,	248,	247,	246,	245,	244,	243,	242,	241,	240,	239,	238,	237,	236,	235,	234,	233,	232,	231,	230,	229,	
y=74,	73,	72,	71,	70,	69,	68,	67,	66,	65,	64,	63,	62,	61,	60,	59,	58,	57,	56,	55,	54,	53,	52,	51,	50,	49,	48,	47,	46,	45,	44,	43,	42,	41,	40,	39,	38,	37,	36,	35,	34,	33,	32,	31,	30,	29,	28,	27,	26,	25,	24,	23,	22,	21,	20,	19,	18,	17,	16,	15,	14,	13,	12,	11,	10,	9,	8,	7,	6,	5,	4,	3,	2,	1,	0,	255,	254,	253,	252,	251,	250,	249,	248,	247,	246,	245,	244,	243,	242,	241,	240,	239,	238,	237,	236,	235,	234,	233,	232,	231,	230,	
y=75,	74,	73,	72,	71,	70,	69,	68,	67,	66,	65,	64,	63,	62,	61,	60,	59,	58,	57,	56,	55,	54,	53,	52,	51,	50,	49,	48,	47,	46,	45,	44,	43,	42,	41,	40,	39,	38,	37,	36,	35,	34,	33,	32,	31,	30,	29,	28,	27,	26,	25,	24,	23,	22,	21,	20,	19,	18,	17,	16,	15,	14,	13,	12,	11,	10,	9,	8,	7,	6,	5,	4,	3,	2,	1,	0,	255,	254,	253,	252,	251,	250,	249,	248,	247,	246,	245,	244,	243,	242,	241,	240,	239,	238,	237,	236,	235,	234,	233,	232,	231,	
y=76,	75,	74,	73,	72,	71,	70,	69,	68,	67,	66,	65,	64,	63,	62,	61,	60,	59,	58,	57,	56,	55,	54,	53,	52,	51,	50,	49,	48,	47,	46,	45,	44,	43,	42,	41,	40,	39,	38,	37,	36,	35,	34,	33,	32,	31,	30,	29,	28,	27,	26,	25,	24,	23,	22,	21,	20,	19,	18,	17,	16,	15,	14,	13,	12,	11,	10,	9,	8,	7,	6,	5,	4,	3,	2,	1,	0,	255,	254,	253,	252,	251,	250,	249,	248,	247,	246,	245,	244,	243,	242,	241,	240,	239,	238,	237,	236,	235,	234,	233,	232,	
y=77,	76,	75,	74,	73,	72,	71,	70,	69,	68,	67,	66,	65,	64,	63,	62,	61,	60,	59,	58,	57,	56,	55,	54,	53,	52,	51,	50,	49,	48,	47,	46,	45,	44,	43,	42,	41,	40,	39,	38,	37,	36,	35,	34,	33,	32,	31,	30,	29,	28,	27,	26,	25,	24,	23,	22,	21,	20,	19,	18,	17,	16,	15,	14,	13,	12,	11,	10,	9,	8,	7,	6,	5,	4,	3,	2,	1,	0,	255,	254,	253,	252,	251,	250,	249,	248,	247,	246,	245,	244,	243,	242,	241,	240,	239,	238,	237,	236,	235,	234,	233,	
y=78,	77,	76,	75,	74,	73,	72,	71,	70,	69,	68,	67,	66,	65,	64,	63,	62,	61,	60,	59,	58,	57,	56,	55,	54,	53,	52,	51,	50,	49,	48,	47,	46,	45,	44,	43,	42,	41,	40,	39,	38,	37,	36,	35,	34,	33,	32,	31,	30,	29,	28,	27,	26,	25,	24,	23,	22,	21,	20,	19,	18,	17,	16,	15,	14,	13,	12,	11,	10,	9,	8,	7,	6,	5,	4,	3,	2,	1,	0,	255,	254,	253,	252,	251,	250,	249,	248,	247,	246,	245,	244,	243,	242,	241,	240,	239,	238,	237,	236,	235,	234,	
y=79,	78,	77,	76,	75,	74,	73,	72,	71,	70,	69,	68,	67,	66,	65,	64,	63,	62,	61,	60,	59,	58,	57,	56,	55,	54,	53,	52,	51,	50,	49,	48,	47,	46,	45,	44,	43,	42,	41,	40,	39,	38,	37,	36,	35,	34,	33,	32,	31,	30,	29,	28,	27,	26,	25,	24,	23,	22,	21,	20,	19,	18,	17,	16,	15,	14,	13,	12,	11,	10,	9,	8,	7,	6,	5,	4,	3,	2,	1,	0,	255,	254,	253,	252,	251,	250,	249,	248,	247,	246,	245,	244,	243,	242,	241,	240,	239,	238,	237,	236,	235,	
y=80,	79,	78,	77,	76,	75,	74,	73,	72,	71,	70,	69,	68,	67,	66,	65,	64,	63,	62,	61,	60,	59,	58,	57,	56,	55,	54,	53,	52,	51,	50,	49,	48,	47,	46,	45,	44,	43,	42,	41,	40,	39,	38,	37,	36,	35,	34,	33,	32,	31,	30,	29,	28,	27,	26,	25,	24,	23,	22,	21,	20,	19,	18,	17,	16,	15,	14,	13,	12,	11,	10,	9,	8,	7,	6,	5,	4,	3,	2,	1,	0,	255,	254,	253,	252,	251,	250,	249,	248,	247,	246,	245,	244,	243,	242,	241,	240,	239,	238,	237,	236,	
y=81,	80,	79,	78,	77,	76,	75,	74,	73,	72,	71,	70,	69,	68,	67,	66,	65,	64,	63,	62,	61,	60,	59,	58,	57,	56,	55,	54,	53,	52,	51,	50,	49,	48,	47,	46,	45,	44,	43,	42,	41,	40,	39,	38,	37,	36,	35,	34,	33,	32,	31,	30,	29,	28,	27,	26,	25,	24,	23,	22,	21,	20,	19,	18,	17,	16,	15,	14,	13,	12,	11,	10,	9,	8,	7,	6,	5,	4,	3,	2,	1,	0,	255,	254,	253,	252,	251,	250,	249,	248,	247,	246,	245,	244,	243,	242,	241,	240,	239,	238,	237,	
y=82,	81,	80,	79,	78,	77,	76,	75,	74,	73,	72,	71,	70,	69,	68,	67,	66,	65,	64,	63,	62,	61,	60,	59,	58,	57,	56,	55,	54,	53,	52,	51,	50,	49,	48,	47,	46,	45,	44,	43,	42,	41,	40,	39,	38,	37,	36,	35,	34,	33,	32,	31,	30,	29,	28,	27,	26,	25,	24,	23,	22,	21,	20,	19,	18,	17,	16,	15,	14,	13,	12,	11,	10,	9,	8,	7,	6,	5,	4,	3,	2,	1,	0,	255,	254,	253,	252,	251,	250,	249,	248,	247,	246,	245,	244,	243,	242,	241,	240,	239,	238,	
y=83,	82,	81,	80,	79,	78,	77,	76,	75,	74,	73,	72,	71,	70,	69,	68,	67,	66,	65,	64,	63,	62,	61,	60,	59,	58,	57,	56,	55,	54,	53,	52,	51,	50,	49,	48,	47,	46,	45,	44,	43,	42,	41,	40,	39,	38,	37,	36,	35,	34,	33,	32,	31,	30,	29,	28,	27,	26,	25,	24,	23,	22,	21,	20,	19,	18,	17,	16,	15,	14,	13,	12,	11,	10,	9,	8,	7,	6,	5,	4,	3,	2,	1,	0,	255,	254,	253,	252,	251,	250,	249,	248,	247,	246,	245,	244,	243,	242,	241,	240,	239,	
y=84,	83,	82,	81,	80,	79,	78,	77,	76,	75,	74,	73,	72,	71,	70,	69,	68,	67,	66,	65,	64,	63,	62,	61,	60,	59,	58,	57,	56,	55,	54,	53,	52,	51,	50,	49,	48,	47,	46,	45,	44,	43,	42,	41,	40,	39,	38,	37,	36,	35,	34,	33,	32,	31,	30,	29,	28,	27,	26,	25,	24,	23,	22,	21,	20,	19,	18,	17,	16,	15,	14,	13,	12,	11,	10,	9,	8,	7,	6,	5,	4,	3,	2,	1,	0,	255,	254,	253,	252,	251,	250,	249,	248,	247,	246,	245,	244,	243,	242,	241,	240,	
y=85,	84,	83,	82,	81,	80,	79,	78,	77,	76,	75,	74,	73,	72,	71,	70,	69,	68,	67,	66,	65,	64,	63,	62,	61,	60,	59,	58,	57,	56,	55,	54,	53,	52,	51,	50,	49,	48,	47,	46,	45,	44,	43,	42,	41,	40,	39,	38,	37,	36,	35,	34,	33,	32,	31,	30,	29,	28,	27,	26,	25,	24,	23,	22,	21,	20,	19,	18,	17,	16,	15,	14,	13,	12,	11,	10,	9,	8,	7,	6,	5,	4,	3,	2,	1,	0,	255,	254,	253,	252,	251,	250,	249,	248,	247,	246,	245,	244,	243,	242,	241,	
y=86,	85,	84,	83,	82,	81,	80,	79,	78,	77,	76,	75,	74,	73,	72,	71,	70,	69,	68,	67,	66,	65,	64,	63,	62,	61,	60,	59,	58,	57,	56,	55,	54,	53,	52,	51,	50,	49,	48,	47,	46,	45,	44,	43,	42,	41,	40,	39,	38,	37,	36,	35,	34,	33,	32,	31,	30,	29,	28,	27,	26,	25,	24,	23,	22,	21,	20,	19,	18,	17,	16,	15,	14,	13,	12,	11,	10,	9,	8,	7,	6,	5,	4,	3,	2,	1,	0,	255,	254,	253,	252,	251,	250,	249,	248,	247,	246,	245,	244,	243,	242,	
y=87,	86,	85,	84,	83,	82,	81,	80,	79,	78,	77,	76,	75,	74,	73,	72,	71,	70,	69,	68,	67,	66,	65,	64,	63,	62,	61,	60,	59,	58,	57,	56,	55,	54,	53,	52,	51,	50,	49,	48,	47,	46,	45,	44,	43,	42,	41,	40,	39,	38,	37,	36,	35,	34,	33,	32,	31,	30,	29,	28,	27,	26,	25,	24,	23,	22,	21,	20,	19,	18,	17,	16,	15,	14,	13,	12,	11,	10,	9,	8,	7,	6,	5,	4,	3,	2,	1,	0,	255,	254,	253,	252,	251,	250,	249,	248,	247,	246,	245,	244,	243,	
y=88,	87,	86,	85,	84,	83,	82,	81,	80,	79,	78,	77,	76,	75,	74,	73,	72,	71,	70,	69,	68,	67,	66,	65,	64,	63,	62,	61,	60,	59,	58,	57,	56,	55,	54,	53,	52,	51,	50,	49,	48,	47,	46,	45,	44,	43,	42,	41,	40,	39,	38,	37,	36,	35,	34,	33,	32,	31,	30,	29,	28,	27,	26,	25,	24,	23,	22,	21,	20,	19,	18,	17,	16,	15,	14,	13,	12,	11,	10,	9,	8,	7,	6,	5,	4,	3,	2,	1,	0,	255,	254,	253,	252,	251,	250,	249,	248,	247,	246,	245,	244,	
y=89,	88,	87,	86,	85,	84,	83,	82,	81,	80,	79,	78,	77,	76,	75,	74,	73,	72,	71,	70,	69,	68,	67,	66,	65,	64,	63,	62,	61,	60,	59,	58,	57,	56,	55,	54,	53,	52,	51,	50,	49,	48,	47,	46,	45,	44,	43,	42,	41,	40,	39,	38,	37,	36,	35,	34,	33,	32,	31,	30,	29,	28,	27,	26,	25,	24,	23,	22,	21,	20,	19,	18,	17,	16,	15,	14,	13,	12,	11,	10,	9,	8,	7,	6,	5,	4,	3,	2,	1,	0,	255,	254,	253,	252,	251,	250,	249,	248,	247,	246,	245,	
y=90,	89,	88,	87,	86,	85,	84,	83,	82,	81,	80,	79,	78,	77,	76,	75,	74,	73,	72,	71,	70,	69,	68,	67,	66,	65,	64,	63,	62,	61,	60,	59,	58,	57,	56,	55,	54,	53,	52,	51,	50,	49,	48,	47,	46,	45,	44,	43,	42,	41,	40,	39,	38,	37,	36,	35,	34,	33,	32,	31,	30,	29,	28,	27,	26,	25,	24,	23,	22,	21,	20,	19,	18,	17,	16,	15,	14,	13,	12,	11,	10,	9,	8,	7,	6,	5,	4,	3,	2,	1,	0,	255,	254,	253,	252,	251,	250,	249,	248,	247,	246,	
y=91,	90,	89,	88,	87,	86,	85,	84,	83,	82,	81,	80,	79,	78,	77,	76,	75,	74,	73,	72,	71,	70,	69,	68,	67,	66,	65,	64,	63,	62,	61,	60,	59,	58,	57,	56,	55,	54,	53,	52,	51,	50,	49,	48,	47,	46,	45,	44,	43,	42,	41,	40,	39,	38,	37,	36,	35,	34,	33,	32,	31,	30,	29,	28,	27,	26,	25,	24,	23,	22,	21,	20,	19,	18,	17,	16,	15,	14,	13,	12,	11,	10,	9,	8,	7,	6,	5,	4,	3,	2,	1,	0,	255,	254,	253,	252,	251,	250,	249,	248,	247,	
y=92,	91,	90,	89,	88,	87,	86,	85,	84,	83,	82,	81,	80,	79,	78,	77,	76,	75,	74,	73,	72,	71,	70,	69,	68,	67,	66,	65,	64,	63,	62,	61,	60,	59,	58,	57,	56,	55,	54,	53,	52,	51,	50,	49,	48,	47,	46,	45,	44,	43,	42,	41,	40,	39,	38,	37,	36,	35,	34,	33,	32,	31,	30,	29,	28,	27,	26,	25,	24,	23,	22,	21,	20,	19,	18,	17,	16,	15,	14,	13,	12,	11,	10,	9,	8,	7,	6,	5,	4,	3,	2,	1,	0,	255,	254,	253,	252,	251,	250,	249,	248,	
y=93,	92,	91,	90,	89,	88,	87,	86,	85,	84,	83,	82,	81,	80,	79,	78,	77,	76,	75,	74,	73,	72,	71,	70,	69,	68,	67,	66,	65,	64,	63,	62,	61,	60,	59,	58,	57,	56,	55,	54,	53,	52,	51,	50,	49,	48,	47,	46,	45,	44,	43,	42,	41,	40,	39,	38,	37,	36,	35,	34,	33,	32,	31,	30,	29,	28,	27,	26,	25,	24,	23,	22,	21,	20,	19,	18,	17,	16,	15,	14,	13,	12,	11,	10,	9,	8,	7,	6,	5,	4,	3,	2,	1,	0,	255,	254,	253,	252,	251,	250,	249,	
y=94,	93,	92,	91,	90,	89,	88,	87,	86,	85,	84,	83,	82,	81,	80,	79,	78,	77,	76,	75,	74,	73,	72,	71,	70,	69,	68,	67,	66,	65,	64,	63,	62,	61,	60,	59,	58,	57,	56,	55,	54,	53,	52,	51,	50,	49,	48,	47,	46,	45,	44,	43,	42,	41,	40,	39,	38,	37,	36,	35,	34,	33,	32,	31,	30,	29,	28,	27,	26,	25,	24,	23,	22,	21,	20,	19,	18,	17,	16,	15,	14,	13,	12,	11,	10,	9,	8,	7,	6,	5,	4,	3,	2,	1,	0,	255,	254,	253,	252,	251,	250,	
y=95,	94,	93,	92,	91,	90,	89,	88,	87,	86,	85,	84,	83,	82,	81,	80,	79,	78,	77,	76,	75,	74,	73,	72,	71,	70,	69,	68,	67,	66,	65,	64,	63,	62,	61,	60,	59,	58,	57,	56,	55,	54,	53,	52,	51,	50,	49,	48,	47,	46,	45,	44,	43,	42,	41,	40,	39,	38,	37,	36,	35,	34,	33,	32,	31,	30,	29,	28,	27,	26,	25,	24,	23,	22,	21,	20,	19,	18,	17,	16,	15,	14,	13,	12,	11,	10,	9,	8,	7,	6,	5,	4,	3,	2,	1,	0,	255,	254,	253,	252,	251,	
y=96,	95,	94,	93,	92,	91,	90,	89,	88,	87,	86,	85,	84,	83,	82,	81,	80,	79,	78,	77,	76,	75,	74,	73,	72,	71,	70,	69,	68,	67,	66,	65,	64,	63,	62,	61,	60,	59,	58,	57,	56,	55,	54,	53,	52,	51,	50,	49,	48,	47,	46,	45,	44,	43,	42,	41,	40,	39,	38,	37,	36,	35,	34,	33,	32,	31,	30,	29,	28,	27,	26,	25,	24,	23,	22,	21,	20,	19,	18,	17,	16,	15,	14,	13,	12,	11,	10,	9,	8,	7,	6,	5,	4,	3,	2,	1,	0,	255,	254,	253,	252,	
y=97,	96,	95,	94,	93,	92,	91,	90,	89,	88,	87,	86,	85,	84,	83,	82,	81,	80,	79,	78,	77,	76,	75,	74,	73,	72,	71,	70,	69,	68,	67,	66,	65,	64,	63,	62,	61,	60,	59,	58,	57,	56,	55,	54,	53,	52,	51,	50,	49,	48,	47,	46,	45,	44,	43,	42,	41,	40,	39,	38,	37,	36,	35,	34,	33,	32,	31,	30,	29,	28,	27,	26,	25,	24,	23,	22,	21,	20,	19,	18,	17,	16,	15,	14,	13,	12,	11,	10,	9,	8,	7,	6,	5,	4,	3,	2,	1,	0,	255,	254,	253,	
y=98,	97,	96,	95,	94,	93,	92,	91,	90,	89,	88,	87,	86,	85,	84,	83,	82,	81,	80,	79,	78,	77,	76,	75,	74,	73,	72,	71,	70,	69,	68,	67,	66,	65,	64,	63,	62,	61,	60,	59,	58,	57,	56,	55,	54,	53,	52,	51,	50,	49,	48,	47,	46,	45,	44,	43,	42,	41,	40,	39,	38,	37,	36,	35,	34,	33,	32,	31,	30,	29,	28,	27,	26,	25,	24,	23,	22,	21,	20,	19,	18,	17,	16,	15,	14,	13,	12,	11,	10,	9,	8,	7,	6,	5,	4,	3,	2,	1,	0,	255,	254,	
y=99,	98,	97,	96,	95,	94,	93,	92,	91,	90,	89,	88,	87,	86,	85,	84,	83,	82,	81,	80,	79,	78,	77,	76,	75,	74,	73,	72,	71,	70,	69,	68,	67,	66,	65,	64,	63,	62,	61,	60,	59,	58,	57,	56,	55,	54,	53,	52,	51,	50,	49,	48,	47,	46,	45,	44,	43,	42,	41,	40,	39,	38,	37,	36,	35,	34,	33,	32,	31,	30,	29,	28,	27,	26,	25,	24,	23,	22,	21,	20,	19,	18,	17,	16,	15,	14,	13,	12,	11,	10,	9,	8,	7,	6,	5,	4,	3,	2,	1,	0,	255,	
y=100,	99,	98,	97,	96,	95,	94,	93,	92,	91,	90,	89,	88,	87,	86,	85,	84,	83,	82,	81,	80,	79,	78,	77,	76,	75,	74,	73,	72,	71,	70,	69,	68,	67,	66,	65,	64,	63,	62,	61,	60,	59,	58,	57,	56,	55,	54,	53,	52,	51,	50,	49,	48,	47,	46,	45,	44,	43,	42,	41,	40,	39,	38,	37,	36,	35,	34,	33,	32,	31,	30,	29,	28,	27,	26,	25,	24,	23,	22,	21,	20,	19,	18,	17,	16,	15,	14,	13,	12,	11,	10,	9,	8,	7,	6,	5,	4,	3,	2,	1,	0,	
y=101,	100,	99,	98,	97,	96,	95,	94,	93,	92,	91,	90,	89,	88,	87,	86,	85,	84,	83,	82,	81,	80,	79,	78,	77,	76,	75,	74,	73,	72,	71,	70,	69,	68,	67,	66,	65,	64,	63,	62,	61,	60,	59,	58,	57,	56,	55,	54,	53,	52,	51,	50,	49,	48,	47,	46,	45,	44,	43,	42,	41,	40,	39,	38,	37,	36,	35,	34,	33,	32,	31,	30,	29,	28,	27,	26,	25,	24,	23,	22,	21,	20,	19,	18,	17,	16,	15,	14,	13,	12,	11,	10,	9,	8,	7,	6,	5,	4,	3,	2,	1,	
y=102,	101,	100,	99,	98,	97,	96,	95,	94,	93,	92,	91,	90,	89,	88,	87,	86,	85,	84,	83,	82,	81,	80,	79,	78,	77,	76,	75,	74,	73,	72,	71,	70,	69,	68,	67,	66,	65,	64,	63,	62,	61,	60,	59,	58,	57,	56,	55,	54,	53,	52,	51,	50,	49,	48,	47,	46,	45,	44,	43,	42,	41,	40,	39,	38,	37,	36,	35,	34,	33,	32,	31,	30,	29,	28,	27,	26,	25,	24,	23,	22,	21,	20,	19,	18,	17,	16,	15,	14,	13,	12,	11,	10,	9,	8,	7,	6,	5,	4,	3,	2,	
y=103,	102,	101,	100,	99,	98,	97,	96,	95,	94,	93,	92,	91,	90,	89,	88,	87,	86,	85,	84,	83,	82,	81,	80,	79,	78,	77,	76,	75,	74,	73,	72,	71,	70,	69,	68,	67,	66,	65,	64,	63,	62,	61,	60,	59,	58,	57,	56,	55,	54,	53,	52,	51,	50,	49,	48,	47,	46,	45,	44,	43,	42,	41,	40,	39,	38,	37,	36,	35,	34,	33,	32,	31,	30,	29,	28,	27,	26,	25,	24,	23,	22,	21,	20,	19,	18,	17,	16,	15,	14,	13,	12,	11,	10,	9,	8,	7,	6,	5,	4,	3,	
y=104,	103,	102,	101,	100,	99,	98,	97,	96,	95,	94,	93,	92,	91,	90,	89,	88,	87,	86,	85,	84,	83,	82,	81,	80,	79,	78,	77,	76,	75,	74,	73,	72,	71,	70,	69,	68,	67,	66,	65,	64,	63,	62,	61,	60,	59,	58,	57,	56,	55,	54,	53,	52,	51,	50,	49,	48,	47,	46,	45,	44,	43,	42,	41,	40,	39,	38,	37,	36,	35,	34,	33,	32,	31,	30,	29,	28,	27,	26,	25,	24,	23,	22,	21,	20,	19,	18,	17,	16,	15,	14,	13,	12,	11,	10,	9,	8,	7,	6,	5,	4,	
y=105,	104,	103,	102,	101,	100,	99,	98,	97,	96,	95,	94,	93,	92,	91,	90,	89,	88,	87,	86,	85,	84,	83,	82,	81,	80,	79,	78,	77,	76,	75,	74,	73,	72,	71,	70,	69,	68,	67,	66,	65,	64,	63,	62,	61,	60,	59,	58,	57,	56,	55,	54,	53,	52,	51,	50,	49,	48,	47,	46,	45,	44,	43,	42,	41,	40,	39,	38,	37,	36,	35,	34,	33,	32,	31,	30,	29,	28,	27,	26,	25,	24,	23,	22,	21,	20,	19,	18,	17,	16,	15,	14,	13,	12,	11,	10,	9,	8,	7,	6,	5,	
y=106,	105,	104,	103,	102,	101,	100,	99,	98,	97,	96,	95,	94,	93,	92,	91,	90,	89,	88,	87,	86,	85,	84,	83,	82,	81,	80,	79,	78,	77,	76,	75,	74,	73,	72,	71,	70,	69,	68,	67,	66,	65,	64,	63,	62,	61,	60,	59,	58,	57,	56,	55,	54,	53,	52,	51,	50,	49,	48,	47,	46,	45,	44,	43,	42,	41,	40,	39,	38,	37,	36,	35,	34,	33,	32,	31,	30,	29,	28,	27,	26,	25,	24,	23,	22,	21,	20,	19,	18,	17,	16,	15,	14,	13,	12,	11,	10,	9,	8,	7,	6,	
y=107,	106,	105,	104,	103,	102,	101,	100,	99,	98,	97,	96,	95,	94,	93,	92,	91,	90,	89,	88,	87,	86,	85,	84,	83,	82,	81,	80,	79,	78,	77,	76,	75,	74,	73,	72,	71,	70,	69,	68,	67,	66,	65,	64,	63,	62,	61,	60,	59,	58,	57,	56,	55,	54,	53,	52,	51,	50,	49,	48,	47,	46,	45,	44,	43,	42,	41,	40,	39,	38,	37,	36,	35,	34,	33,	32,	31,	30,	29,	28,	27,	26,	25,	24,	23,	22,	21,	20,	19,	18,	17,	16,	15,	14,	13,	12,	11,	10,	9,	8,	7,	
y=108,	107,	106,	105,	104,	103,	102,	101,	100,	99,	98,	97,	96,	95,	94,	93,	92,	91,	90,	89,	88,	87,	86,	85,	84,	83,	82,	81,	80,	79,	78,	77,	76,	75,	74,	73,	72,	71,	70,	69,	68,	67,	66,	65,	64,	63,	62,	61,	60,	59,	58,	57,	56,	55,	54,	53,	52,	51,	50,	49,	48,	47,	46,	45,	44,	43,	42,	41,	40,	39,	38,	37,	36,	35,	34,	33,	32,	31,	30,	29,	28,	27,	26,	25,	24,	23,	22,	21,	20,	19,	18,	17,	16,	15,	14,	13,	12,	11,	10,	9,	8,	
y=109,	108,	107,	106,	105,	104,	103,	102,	101,	100,	99,	98,	97,	96,	95,	94,	93,	92,	91,	90,	89,	88,	87,	86,	85,	84,	83,	82,	81,	80,	79,	78,	77,	76,	75,	74,	73,	72,	71,	70,	69,	68,	67,	66,	65,	64,	63,	62,	61,	60,	59,	58,	57,	56,	55,	54,	53,	52,	51,	50,	49,	48,	47,	46,	45,	44,	43,	42,	41,	40,	39,	38,	37,	36,	35,	34,	33,	32,	31,	30,	29,	28,	27,	26,	25,	24,	23,	22,	21,	20,	19,	18,	17,	16,	15,	14,	13,	12,	11,	10,	9,	
y=110,	109,	108,	107,	106,	105,	104,	103,	102,	101,	100,	99,	98,	97,	96,	95,	94,	93,	92,	91,	90,	89,	88,	87,	86,	85,	84,	83,	82,	81,	80,	79,	78,	77,	76,	75,	74,	73,	72,	71,	70,	69,	68,	67,	66,	65,	64,	63,	62,	61,	60,	59,	58,	57,	56,	55,	54,	53,	52,	51,	50,	49,	48,	47,	46,	45,	44,	43,	42,	41,	40,	39,	38,	37,	36,	35,	34,	33,	32,	31,	30,	29,	28,	27,	26,	25,	24,	23,	22,	21,	20,	19,	18,	17,	16,	15,	14,	13,	12,	11,	10,	
y=111,	110,	109,	108,	107,	106,	105,	104,	103,	102,	101,	100,	99,	98,	97,	96,	95,	94,	93,	92,	91,	90,	89,	88,	87,	86,	85,	84,	83,	82,	81,	80,	79,	78,	77,	76,	75,	74,	73,	72,	71,	70,	69,	68,	67,	66,	65,	64,	63,	62,	61,	60,	59,	58,	57,	56,	55,	54,	53,	52,	51,	50,	49,	48,	47,	46,	45,	44,	43,	42,	41,	40,	39,	38,	37,	36,	35,	34,	33,	32,	31,	30,	29,	28,	27,	26,	25,	24,	23,	22,	21,	20,	19,	18,	17,	16,	15,	14,	13,	12,	11,	
y=112,	111,	110,	109,	108,	107,	106,	105,	104,	103,	102,	101,	100,	99,	98,	97,	96,	95,	94,	93,	92,	91,	90,	89,	88,	87,	86,	85,	84,	83,	82,	81,	80,	79,	78,	77,	76,	75,	74,	73,	72,	71,	70,	69,	68,	67,	66,	65,	64,	63,	62,	61,	60,	59,	58,	57,	56,	55,	54,	53,	52,	51,	50,	49,	48,	47,	46,	45,	44,	43,	42,	41,	40,	39,	38,	37,	36,	35,	34,	33,	32,	31,	30,	29,	28,	27,	26,	25,	24,	23,	22,	21,	20,	19,	18,	17,	16,	15,	14,	13,	12,	
y=113,	112,	111,	110,	109,	108,	107,	106,	105,	104,	103,	102,	101,	100,	99,	98,	97,	96,	95,	94,	93,	92,	91,	90,	89,	88,	87,	86,	85,	84,	83,	82,	81,	80,	79,	78,	77,	76,	75,	74,	73,	72,	71,	70,	69,	68,	67,	66,	65,	64,	63,	62,	61,	60,	59,	58,	57,	56,	55,	54,	53,	52,	51,	50,	49,	48,	47,	46,	45,	44,	43,	42,	41,	40,	39,	38,	37,	36,	35,	34,	33,	32,	31,	30,	29,	28,	27,	26,	25,	24,	23,	22,	21,	20,	19,	18,	17,	16,	15,	14,	13,	
y=114,	113,	112,	111,	110,	109,	108,	107,	106,	105,	104,	103,	102,	101,	100,	99,	98,	97,	96,	95,	94,	93,	92,	91,	90,	89,	88,	87,	86,	85,	84,	83,	82,	81,	80,	79,	78,	77,	76,	75,	74,	73,	72,	71,	70,	69,	68,	67,	66,	65,	64,	63,	62,	61,	60,	59,	58,	57,	56,	55,	54,	53,	52,	51,	50,	49,	48,	47,	46,	45,	44,	43,	42,	41,	40,	39,	38,	37,	36,	35,	34,	33,	32,	31,	30,	29,	28,	27,	26,	25,	24,	23,	22,	21,	20,	19,	18,	17,	16,	15,	14,	
y=115,	114,	113,	112,	111,	110,	109,	108,	107,	106,	105,	104,	103,	102,	101,	100,	99,	98,	97,	96,	95,	94,	93,	92,	91,	90,	89,	88,	87,	86,	85,	84,	83,	82,	81,	80,	79,	78,	77,	76,	75,	74,	73,	72,	71,	70,	69,	68,	67,	66,	65,	64,	63,	62,	61,	60,	59,	58,	57,	56,	55,	54,	53,	52,	51,	50,	49,	48,	47,	46,	45,	44,	43,	42,	41,	40,	39,	38,	37,	36,	35,	34,	33,	32,	31,	30,	29,	28,	27,	26,	25,	24,	23,	22,	21,	20,	19,	18,	17,	16,	15,	
y=116,	115,	114,	113,	112,	111,	110,	109,	108,	107,	106,	105,	104,	103,	102,	101,	100,	99,	98,	97,	96,	95,	94,	93,	92,	91,	90,	89,	88,	87,	86,	85,	84,	83,	82,	81,	80,	79,	78,	77,	76,	75,	74,	73,	72,	71,	70,	69,	68,	67,	66,	65,	64,	63,	62,	61,	60,	59,	58,	57,	56,	55,	54,	53,	52,	51,	50,	49,	48,	47,	46,	45,	44,	43,	42,	41,	40,	39,	38,	37,	36,	35,	34,	33,	32,	31,	30,	29,	28,	27,	26,	25,	24,	23,	22,	21,	20,	19,	18,	17,	16,	
y=117,	116,	115,	114,	113,	112,	111,	110,	109,	108,	107,	106,	105,	104,	103,	102,	101,	100,	99,	98,	97,	96,	95,	94,	93,	92,	91,	90,	89,	88,	87,	86,	85,	84,	83,	82,	81,	80,	79,	78,	77,	76,	75,	74,	73,	72,	71,	70,	69,	68,	67,	66,	65,	64,	63,	62,	61,	60,	59,	58,	57,	56,	55,	54,	53,	52,	51,	50,	49,	48,	47,	46,	45,	44,	43,	42,	41,	40,	39,	38,	37,	36,	35,	34,	33,	32,	31,	30,	29,	28,	27,	26,	25,	24,	23,	22,	21,	20,	19,	18,	17,	
y=118,	117,	116,	115,	114,	113,	112,	111,	110,	109,	108,	107,	106,	105,	104,	103,	102,	101,	100,	99,	98,	97,	96,	95,	94,	93,	92,	91,	90,	89,	88,	87,	86,	85,	84,	83,	82,	81,	80,	79,	78,	77,	76,	75,	74,	73,	72,	71,	70,	69,	68,	67,	66,	65,	64,	63,	62,	61,	60,	59,	58,	57,	56,	55,	54,	53,	52,	51,	50,	49,	48,	47,	46,	45,	44,	43,	42,	41,	40,	39,	38,	37,	36,	35,	34,	33,	32,	31,	30,	29,	28,	27,	26,	25,	24,	23,	22,	21,	20,	19,	18,	
y=119,	118,	117,	116,	115,	114,	113,	112,	111,	110,	109,	108,	107,	106,	105,	104,	103,	102,	101,	100,	99,	98,	97,	96,	95,	94,	93,	92,	91,	90,	89,	88,	87,	86,	85,	84,	83,	82,	81,	80,	79,	78,	77,	76,	75,	74,	73,	72,	71,	70,	69,	68,	67,	66,	65,	64,	63,	62,	61,	60,	59,	58,	57,	56,	55,	54,	53,	52,	51,	50,	49,	48,	47,	46,	45,	44,	43,	42,	41,	40,	39,	38,	37,	36,	35,	34,	33,	32,	31,	30,	29,	28,	27,	26,	25,	24,	23,	22,	21,	20,	19,	
y=120,	119,	118,	117,	116,	115,	114,	113,	112,	111,	110,	109,	108,	107,	106,	105,	104,	103,	102,	101,	100,	99,	98,	97,	96,	95,	94,	93,	92,	91,	90,	89,	88,	87,	86,	85,	84,	83,	82,	81,	80,	79,	78,	77,	76,	75,	74,	73,	72,	71,	70,	69,	68,	67,	66,	65,	64,	63,	62,	61,	60,	59,	58,	57,	56,	55,	54,	53,	52,	51,	50,	49,	48,	47,	46,	45,	44,	43,	42,	41,	40,	39,	38,	37,	36,	35,	34,	33,	32,	31,	30,	29,	28,	27,	26,	25,	24,	23,	22,	21,	20,	
y=121,	120,	119,	118,	117,	116,	115,	114,	113,	112,	111,	110,	109,	108,	107,	106,	105,	104,	103,	102,	101,	100,	99,	98,	97,	96,	95,	94,	93,	92,	91,	90,	89,	88,	87,	86,	85,	84,	83,	82,	81,	80,	79,	78,	77,	76,	75,	74,	73,	72,	71,	70,	69,	68,	67,	66,	65,	64,	63,	62,	61,	60,	59,	58,	57,	56,	55,	54,	53,	52,	51,	50,	49,	48,	47,	46,	45,	44,	43,	42,	41,	40,	39,	38,	37,	36,	35,	34,	33,	32,	31,	30,	29,	28,	27,	26,	25,	24,	23,	22,	21,	
y=122,	121,	120,	119,	118,	117,	116,	115,	114,	113,	112,	111,	110,	109,	108,	107,	106,	105,	104,	103,	102,	101,	100,	99,	98,	97,	96,	95,	94,	93,	92,	91,	90,	89,	88,	87,	86,	85,	84,	83,	82,	81,	80,	79,	78,	77,	76,	75,	74,	73,	72,	71,	70,	69,	68,	67,	66,	65,	64,	63,	62,	61,	60,	59,	58,	57,	56,	55,	54,	53,	52,	51,	50,	49,	48,	47,	46,	45,	44,	43,	42,	41,	40,	39,	38,	37,	36,	35,	34,	33,	32,	31,	30,	29,	28,	27,	26,	25,	24,	23,	22,	
y=123,	122,	121,	120,	119,	118,	117,	116,	115,	114,	113,	112,	111,	110,	109,	108,	107,	106,	105,	104,	103,	102,	101,	100,	99,	98,	97,	96,	95,	94,	93,	92,	91,	90,	89,	88,	87,	86,	85,	84,	83,	82,	81,	80,	79,	78,	77,	76,	75,	74,	73,	72,	71,	70,	69,	68,	67,	66,	65,	64,	63,	62,	61,	60,	59,	58,	57,	56,	55,	54,	53,	52,	51,	50,	49,	48,	47,	46,	45,	44,	43,	42,	41,	40,	39,	38,	37,	36,	35,	34,	33,	32,	31,	30,	29,	28,	27,	26,	25,	24,	23,	
y=124,	123,	122,	121,	120,	119,	118,	117,	116,	115,	114,	113,	112,	111,	110,	109,	108,	107,	106,	105,	104,	103,	102,	101,	100,	99,	98,	97,	96,	95,	94,	93,	92,	91,	90,	89,	88,	87,	86,	85,	84,	83,	82,	81,	80,	79,	78,	77,	76,	75,	74,	73,	72,	71,	70,	69,	68,	67,	66,	65,	64,	63,	62,	61,	60,	59,	58,	57,	56,	55,	54,	53,	52,	51,	50,	49,	48,	47,	46,	45,	44,	43,	42,	41,	40,	39,	38,	37,	36,	35,	34,	33,	32,	31,	30,	29,	28,	27,	26,	25,	24,	
y=125,	124,	123,	122,	121,	120,	119,	118,	117,	116,	115,	114,	113,	112,	111,	110,	109,	108,	107,	106,	105,	104,	103,	102,	101,	100,	99,	98,	97,	96,	95,	94,	93,	92,	91,	90,	89,	88,	87,	86,	85,	84,	83,	82,	81,	80,	79,	78,	77,	76,	75,	74,	73,	72,	71,	70,	69,	68,	67,	66,	65,	64,	63,	62,	61,	60,	59,	58,	57,	56,	55,	54,	53,	52,	51,	50,	49,	48,	47,	46,	45,	44,	43,	42,	41,	40,	39,	38,	37,	36,	35,	34,	33,	32,	31,	30,	29,	28,	27,	26,	25,	
y=126,	125,	124,	123,	122,	121,	120,	119,	118,	117,	116,	115,	114,	113,	112,	111,	110,	109,	108,	107,	106,	105,	104,	103,	102,	101,	100,	99,	98,	97,	96,	95,	94,	93,	92,	91,	90,	89,	88,	87,	86,	85,	84,	83,	82,	81,	80,	79,	78,	77,	76,	75,	74,	73,	72,	71,	70,	69,	68,	67,	66,	65,	64,	63,	62,	61,	60,	59,	58,	57,	56,	55,	54,	53,	52,	51,	50,	49,	48,	47,	46,	45,	44,	43,	42,	41,	40,	39,	38,	37,	36,	35,	34,	33,	32,	31,	30,	29,	28,	27,	26,	
y=127,	126,	125,	124,	123,	122,	121,	120,	119,	118,	117,	116,	115,	114,	113,	112,	111,	110,	109,	108,	107,	106,	105,	104,	103,	102,	101,	100,	99,	98,	97,	96,	95,	94,	93,	92,	91,	90,	89,	88,	87,	86,	85,	84,	83,	82,	81,	80,	79,	78,	77,	76,	75,	74,	73,	72,	71,	70,	69,	68,	67,	66,	65,	64,	63,	62,	61,	60,	59,	58,	57,	56,	55,	54,	53,	52,	51,	50,	49,	48,	47,	46,	45,	44,	43,	42,	41,	40,	39,	38,	37,	36,	35,	34,	33,	32,	31,	30,	29,	28,	27,	
y=128,	127,	126,	125,	124,	123,	122,	121,	120,	119,	118,	117,	116,	115,	114,	113,	112,	111,	110,	109,	108,	107,	106,	105,	104,	103,	102,	101,	100,	99,	98,	97,	96,	95,	94,	93,	92,	91,	90,	89,	88,	87,	86,	85,	84,	83,	82,	81,	80,	79,	78,	77,	76,	75,	74,	73,	72,	71,	70,	69,	68,	67,	66,	65,	64,	63,	62,	61,	60,	59,	58,	57,	56,	55,	54,	53,	52,	51,	50,	49,	48,	47,	46,	45,	44,	43,	42,	41,	40,	39,	38,	37,	36,	35,	34,	33,	32,	31,	30,	29,	28,	
y=129,	128,	127,	126,	125,	124,	123,	122,	121,	120,	119,	118,	117,	116,	115,	114,	113,	112,	111,	110,	109,	108,	107,	106,	105,	104,	103,	102,	101,	100,	99,	98,	97,	96,	95,	94,	93,	92,	91,	90,	89,	88,	87,	86,	85,	84,	83,	82,	81,	80,	79,	78,	77,	76,	75,	74,	73,	72,	71,	70,	69,	68,	67,	66,	65,	64,	63,	62,	61,	60,	59,	58,	57,	56,	55,	54,	53,	52,	51,	50,	49,	48,	47,	46,	45,	44,	43,	42,	41,	40,	39,	38,	37,	36,	35,	34,	33,	32,	31,	30,	29,	
y=130,	129,	128,	127,	126,	125,	124,	123,	122,	121,	120,	119,	118,	117,	116,	115,	114,	113,	112,	111,	110,	109,	108,	107,	106,	105,	104,	103,	102,	101,	100,	99,	98,	97,	96,	95,	94,	93,	92,	91,	90,	89,	88,	87,	86,	85,	84,	83,	82,	81,	80,	79,	78,	77,	76,	75,	74,	73,	72,	71,	70,	69,	68,	67,	66,	65,	64,	63,	62,	61,	60,	59,	58,	57,	56,	55,	54,	53,	52,	51,	50,	49,	48,	47,	46,	45,	44,	43,	42,	41,	40,	39,	38,	37,	36,	35,	34,	33,	32,	31,	30,	
y=131,	130,	129,	128,	127,	126,	125,	124,	123,	122,	121,	120,	119,	118,	117,	116,	115,	114,	113,	112,	111,	110,	109,	108,	107,	106,	105,	104,	103,	102,	101,	100,	99,	98,	97,	96,	95,	94,	93,	92,	91,	90,	89,	88,	87,	86,	85,	84,	83,	82,	81,	80,	79,	78,	77,	76,	75,	74,	73,	72,	71,	70,	69,	68,	67,	66,	65,	64,	63,	62,	61,	60,	59,	58,	57,	56,	55,	54,	53,	52,	51,	50,	49,	48,	47,	46,	45,	44,	43,	42,	41,	40,	39,	38,	37,	36,	35,	34,	33,	32,	31,	
y=132,	131,	130,	129,	128,	127,	126,	125,	124,	123,	122,	121,	120,	119,	118,	117,	116,	115,	114,	113,	112,	111,	110,	109,	108,	107,	106,	105,	104,	103,	102,	101,	100,	99,	98,	97,	96,	95,	94,	93,	92,	91,	90,	89,	88,	87,	86,	85,	84,	83,	82,	81,	80,	79,	78,	77,	76,	75,	74,	73,	72,	71,	70,	69,	68,	67,	66,	65,	64,	63,	62,	61,	60,	59,	58,	57,	56,	55,	54,	53,	52,	51,	50,	49,	48,	47,	46,	45,	44,	43,	42,	41,	40,	39,	38,	37,	36,	35,	34,	33,	32,	
y=133,	132,	131,	130,	129,	128,	127,	126,	125,	124,	123,	122,	121,	120,	119,	118,	117,	116,	115,	114,	113,	112,	111,	110,	109,	108,	107,	106,	105,	104,	103,	102,	101,	100,	99,	98,	97,	96,	95,	94,	93,	92,	91,	90,	89,	88,	87,	86,	85,	84,	83,	82,	81,	80,	79,	78,	77,	76,	75,	74,	73,	72,	71,	70,	69,	68,	67,	66,	65,	64,	63,	62,	61,	60,	59,	58,	57,	56,	55,	54,	53,	52,	51,	50,	49,	48,	47,	46,	45,	44,	43,	42,	41,	40,	39,	38,	37,	36,	35,	34,	33,	
